{"cameraMode":{"drawMode":0,"name":"Shaded","section":"Shading Mode"},"sceneLighting":true,"audioPlay":false,"sceneViewState":{"m_AlwaysRefresh":false,"showFog":true,"showSkybox":true,"showFlares":true,"showImageEffects":true,"showParticleSystems":true,"showVisualEffectGraphs":true,"m_FxEnabled":true},"in2DMode":false,"pivot":{"x":4.461308479309082,"y":16.379560470581056,"z":53.679847717285159},"rotation":{"x":-0.02248084358870983,"y":0.038979630917310718,"z":0.0008768063853494823,"w":0.9989888072013855},"size":40.16748809814453,"orthographic":false}