{"cameraMode":{"drawMode":0,"name":"Shaded","section":"Shading Mode"},"sceneLighting":true,"audioPlay":false,"sceneViewState":{"m_AlwaysRefresh":false,"showFog":true,"showSkybox":true,"showFlares":true,"showImageEffects":true,"showParticleSystems":true,"showVisualEffectGraphs":true,"m_FxEnabled":true},"in2DMode":false,"pivot":{"x":-5.4208221435546879,"y":13.253277778625489,"z":16.042774200439454},"rotation":{"x":0.38176023960113528,"y":0.10694314539432526,"z":-0.04452194646000862,"w":0.9169760346412659},"size":2.7037484645843508,"orthographic":false}