{"cameraMode":{"drawMode":0,"name":"Shaded","section":"Shading Mode"},"sceneLighting":true,"audioPlay":false,"sceneViewState":{"m_AlwaysRefresh":false,"showFog":true,"showSkybox":true,"showFlares":true,"showImageEffects":true,"showParticleSystems":true,"showVisualEffectGraphs":true,"m_FxEnabled":true},"in2DMode":false,"pivot":{"x":5.547796249389648,"y":-0.09839177876710892,"z":23.63121795654297},"rotation":{"x":0.10611491650342941,"y":0.8282789587974548,"z":-0.16773532330989839,"w":0.5239843726158142},"size":13.826913833618164,"orthographic":false}