{"cameraMode":{"drawMode":0,"name":"Shaded","section":"Shading Mode"},"sceneLighting":false,"audioPlay":false,"sceneViewState":{"m_AlwaysRefresh":false,"showFog":true,"showSkybox":false,"showFlares":true,"showImageEffects":true,"showParticleSystems":true,"showVisualEffectGraphs":true,"m_FxEnabled":true},"in2DMode":false,"pivot":{"x":20.33740997314453,"y":-0.011148452758789063,"z":-5.524778366088867},"rotation":{"x":0.08609659969806671,"y":0.8955309391021729,"z":-0.19819976389408112,"w":0.3890134394168854},"size":47.293365478515628,"orthographic":true}