{"cameraMode":{"drawMode":0,"name":"Shaded","section":"Shading Mode"},"sceneLighting":false,"audioPlay":false,"sceneViewState":{"m_AlwaysRefresh":false,"showFog":true,"showSkybox":false,"showFlares":true,"showImageEffects":true,"showParticleSystems":true,"showVisualEffectGraphs":true,"m_FxEnabled":true},"in2DMode":false,"pivot":{"x":3.7961435317993166,"y":-21.734872817993165,"z":23.815702438354493},"rotation":{"x":0.1207871288061142,"y":0.8790768384933472,"z":-0.3177136480808258,"w":0.33420392870903017},"size":14.300461769104004,"orthographic":false}